ID_Venda,Data_Venda,Produto,Categoria,Preco,Quantidade,Canal_Venda,Regiao,Tipo_Cliente,Desconto,Avaliacao_Cliente,Tempo_Entrega_Dias,Forma_Pagamento,Campanha_Marketing,Custo_Frete,Venda_Sucesso
1,14/01/2025,Cabernet Sauvignon,Tinto,199,1,Marketplace,Centro-Oeste,Recorrente,0,4,1,Cartao de Credito,Nao,35.0,Sim
2,19/02/2025,Sauvignon Blanc,Branco,138,5,Loja Fisica,Nordeste,Recorrente,5,2,11,Cartao de Credito,Sim,52.49,Sim
3,24/01/2025,Espumante Brut,Espumante,141,3,WhatsApp,Sudeste,Recorrente,20,4,8,Pix,Nao,11.88,Sim
4,22/11/2025,Cabernet Sauvignon,Tinto,216,2,Site,Nordeste,Novo,5,4,6,Pix,Sim,29.33,Sim
5,03/02/2025,Vinho Branco Chardonnay,Branco,110,6,Marketplace,Sudeste,Novo,15,1,8,Boleto,Sim,25.49,Nao
6,05/07/2025,Merlot Selecionado,Tinto,169,6,Marketplace,Sul,Novo,15,4,6,Pix,Nao,31.15,Nao
7,17/03/2026,Prosecco Italiano,Espumante,199,1,Marketplace,Nordeste,Novo,0,3,12,Pix,Nao,43.34,Nao
8,02/04/2025,Cabernet Sauvignon,Tinto,149,2,Marketplace,Sul,Novo,10,5,8,Cartao de Credito,Nao,12.97,Sim
9,05/07/2025,Espumante Brut,Espumante,144,1,Site,Sul,Recorrente,25,5,5,Pix,Sim,14.01,Sim
10,26/03/2025,Espumante Brut,Espumante,121,3,Loja Fisica,Nordeste,Recorrente,30,4,2,Pix,Nao,47.93,Nao
11,02/02/2025,Sauvignon Blanc,Branco,214,4,Marketplace,Nordeste,Novo,15,3,9,Pix,Sim,37.92,Nao
12,06/01/2026,Vinho Rose Premium,Rose,145,4,Loja Fisica,Sul,Novo,5,4,3,Pix,Nao,21.49,Sim
13,01/02/2025,Prosecco Italiano,Espumante,191,2,Loja Fisica,Centro-Oeste,Novo,10,5,1,Pix,Nao,43.05,Sim
14,04/10/2025,Cabernet Sauvignon,Tinto,169,2,Site,Sudeste,Novo,25,4,8,Pix,Sim,29.2,Nao
15,10/01/2026,Vinho Rose Premium,Rose,171,1,Site,Sul,Novo,30,3,7,Pix,Sim,29.98,Sim
16,18/09/2025,Prosecco Italiano,Espumante,207,7,Site,Centro-Oeste,Recorrente,0,4,4,Boleto,Sim,39.55,Sim
17,15/04/2025,Cabernet Sauvignon,Tinto,156,1,WhatsApp,Sudeste,Recorrente,15,4,5,Pix,Nao,18.78,Sim
18,16/05/2025,Espumante Brut,Espumante,74,2,Site,Nordeste,Novo,10,5,12,Cartao de Credito,Sim,49.27,Sim
19,06/12/2025,Cabernet Sauvignon,Tinto,195,1,WhatsApp,Nordeste,Recorrente,30,4,1,Boleto,Sim,36.71,Nao
20,10/03/2026,Espumante Brut,Espumante,133,3,Loja Fisica,Centro-Oeste,Recorrente,0,4,3,Pix,Nao,36.53,Sim
21,18/03/2025,Espumante Brut,Espumante,152,1,WhatsApp,Sul,Novo,15,4,2,Cartao de Debito,Nao,23.97,Nao
22,24/03/2026,Vinho Branco Chardonnay,Branco,129,2,WhatsApp,Norte,Novo,5,4,6,Cartao de Credito,Nao,49.0,Sim
23,12/01/2026,Vinho Branco Chardonnay,Branco,164,1,WhatsApp,Sul,Novo,0,5,7,Cartao de Credito,Nao,19.36,Sim
24,23/05/2025,Cabernet Sauvignon,Tinto,161,3,Loja Fisica,Norte,Novo,20,5,2,Pix,Sim,49.51,Nao
25,02/11/2025,Espumante Brut,Espumante,92,4,WhatsApp,Sudeste,Novo,20,3,5,Cartao de Debito,Sim,31.68,Nao
26,13/01/2026,Merlot Selecionado,Tinto,59,1,WhatsApp,Sul,Novo,10,4,7,Pix,Nao,30.97,Sim
27,09/04/2025,Cabernet Sauvignon,Tinto,250,3,Marketplace,Sul,Recorrente,10,4,3,Pix,Nao,16.31,Nao
28,31/08/2025,Vinho Branco Chardonnay,Branco,115,3,Loja Fisica,Sudeste,Novo,10,4,4,Pix,Sim,19.51,Nao
29,01/09/2025,Vinho Branco Chardonnay,Branco,122,4,Marketplace,Sul,Recorrente,5,3,7,Cartao de Credito,Sim,16.51,Sim
30,06/08/2025,Prosecco Italiano,Espumante,143,1,Marketplace,Sudeste,Novo,15,1,7,Boleto,Sim,29.77,Nao
31,04/01/2026,Prosecco Italiano,Espumante,216,5,Site,Nordeste,Recorrente,30,4,11,Cartao de Debito,Nao,43.88,Sim
32,27/05/2025,Prosecco Italiano,Espumante,239,3,Loja Fisica,Sudeste,Recorrente,15,4,5,Cartao de Credito,Sim,16.06,Sim
33,27/10/2025,Cabernet Sauvignon,Tinto,187,4,Marketplace,Sul,Novo,10,4,2,Pix,Nao,26.43,Sim
34,20/05/2025,Sauvignon Blanc,Branco,59,2,Site,Norte,Recorrente,10,5,7,Cartao de Debito,Nao,50.76,Sim
35,08/08/2025,Merlot Selecionado,Tinto,126,4,WhatsApp,Norte,Recorrente,10,5,5,Pix,Sim,35.51,Sim
36,27/01/2025,Vinho Tinto Reserva,Tinto,227,2,Site,Norte,Novo,25,4,8,Pix,Nao,55.11,Sim
37,25/12/2025,Cabernet Sauvignon,Tinto,180,4,WhatsApp,Sul,Novo,0,2,6,Pix,Sim,10.6,Sim
38,02/03/2026,Cabernet Sauvignon,Tinto,173,2,Site,Norte,Recorrente,25,3,10,Cartao de Credito,Nao,43.29,Sim
39,26/02/2026,Espumante Brut,Espumante,149,1,WhatsApp,Nordeste,Novo,10,3,4,Cartao de Credito,Nao,33.25,Sim
40,10/01/2026,Merlot Selecionado,Tinto,112,4,Site,Nordeste,Recorrente,5,5,4,Pix,Sim,30.69,Sim
41,13/02/2026,Vinho Rose Premium,Rose,157,6,Loja Fisica,Sudeste,Recorrente,5,1,8,Cartao de Credito,Sim,21.02,Sim
42,31/05/2025,Espumante Brut,Espumante,76,1,Loja Fisica,Sudeste,Recorrente,5,4,6,Pix,Sim,20.69,Sim
43,11/06/2025,Espumante Brut,Espumante,100,3,Site,Norte,Recorrente,5,4,3,Cartao de Credito,Nao,41.42,Sim
44,29/12/2025,Vinho Branco Chardonnay,Branco,161,2,Marketplace,Nordeste,Recorrente,30,5,3,Cartao de Credito,Sim,54.23,Sim
45,27/04/2026,Vinho Tinto Reserva,Tinto,174,1,WhatsApp,Sudeste,Recorrente,10,4,4,Cartao de Credito,Sim,19.93,Sim
46,09/02/2026,Cabernet Sauvignon,Tinto,157,3,Loja Fisica,Sul,Recorrente,5,5,2,Boleto,Nao,23.83,Sim
47,05/12/2025,Sauvignon Blanc,Branco,90,6,WhatsApp,Sudeste,Recorrente,15,5,10,Cartao de Credito,Sim,26.65,Sim
48,10/02/2026,Cabernet Sauvignon,Tinto,191,4,Site,Sul,Novo,5,5,1,Cartao de Credito,Sim,28.82,Sim
49,05/03/2025,Vinho Rose Premium,Rose,107,4,WhatsApp,Nordeste,Novo,0,3,6,Pix,Sim,46.55,Sim
50,22/10/2025,Sauvignon Blanc,Branco,171,3,Loja Fisica,Sul,Novo,5,3,1,Cartao de Debito,Nao,18.68,Sim
51,29/07/2025,Espumante Brut,Espumante,62,1,Site,Sudeste,Novo,30,4,7,Cartao de Debito,Nao,17.74,Nao
52,21/09/2025,Vinho Branco Chardonnay,Branco,111,2,WhatsApp,Nordeste,Recorrente,10,3,3,Cartao de Debito,Sim,52.79,Sim
53,04/03/2025,Prosecco Italiano,Espumante,168,2,Marketplace,Centro-Oeste,Recorrente,0,4,10,Pix,Nao,36.67,Nao
54,30/05/2025,Vinho Rose Premium,Rose,141,1,Site,Sudeste,Recorrente,0,5,5,Cartao de Credito,Nao,17.32,Sim
55,24/04/2026,Prosecco Italiano,Espumante,217,3,Site,Norte,Recorrente,20,5,3,Boleto,Sim,47.26,Sim
56,14/06/2025,Vinho Tinto Reserva,Tinto,222,3,WhatsApp,Sudeste,Novo,10,3,5,Pix,Sim,30.59,Nao
57,11/09/2025,Vinho Rose Premium,Rose,124,5,Loja Fisica,Nordeste,Recorrente,20,3,6,Boleto,Nao,39.46,Sim
58,23/06/2025,Merlot Selecionado,Tinto,212,2,Site,Sudeste,Recorrente,10,4,2,Pix,Nao,12.1,Sim
59,17/04/2026,Cabernet Sauvignon,Tinto,213,5,Site,Sudeste,Recorrente,15,5,1,Cartao de Credito,Nao,11.44,Sim
60,16/03/2025,Cabernet Sauvignon,Tinto,153,3,WhatsApp,Sudeste,Recorrente,25,1,7,Cartao de Credito,Sim,25.47,Sim
61,16/02/2026,Vinho Branco Chardonnay,Branco,146,6,Marketplace,Sudeste,Recorrente,0,4,3,Cartao de Credito,Sim,26.84,Sim
62,15/07/2025,Vinho Branco Chardonnay,Branco,221,8,Site,Norte,Recorrente,10,3,12,Boleto,Sim,56.63,Sim
63,02/02/2026,Espumante Brut,Espumante,190,2,Loja Fisica,Norte,Recorrente,30,5,6,Boleto,Nao,50.07,Sim
64,18/01/2025,Merlot Selecionado,Tinto,164,2,Marketplace,Nordeste,Recorrente,0,2,5,Cartao de Credito,Nao,47.1,Nao
65,29/04/2026,Cabernet Sauvignon,Tinto,197,2,Loja Fisica,Nordeste,Recorrente,5,4,3,Cartao de Credito,Nao,38.17,Sim
66,22/07/2025,Merlot Selecionado,Tinto,173,1,Marketplace,Sudeste,Recorrente,15,3,8,Pix,Sim,15.52,Sim
67,09/11/2025,Prosecco Italiano,Espumante,146,2,Site,Centro-Oeste,Novo,15,4,5,Cartao de Debito,Sim,43.78,Sim
68,10/12/2025,Prosecco Italiano,Espumante,216,2,Loja Fisica,Norte,Novo,10,2,9,Cartao de Credito,Sim,44.34,Nao
69,01/05/2025,Sauvignon Blanc,Branco,77,6,Marketplace,Nordeste,Recorrente,25,3,6,Cartao de Credito,Sim,35.28,Sim
70,11/01/2025,Merlot Selecionado,Tinto,59,2,Site,Sul,Novo,20,4,6,Pix,Nao,15.91,Sim
71,16/03/2025,Vinho Branco Chardonnay,Branco,145,5,Site,Centro-Oeste,Recorrente,5,5,7,Pix,Sim,28.72,Sim
72,02/02/2025,Vinho Branco Chardonnay,Branco,198,1,Site,Nordeste,Recorrente,0,3,2,Pix,Sim,52.23,Nao
73,07/08/2025,Cabernet Sauvignon,Tinto,143,3,Marketplace,Norte,Recorrente,5,4,1,Cartao de Debito,Nao,49.68,Sim
74,06/11/2025,Prosecco Italiano,Espumante,203,3,Loja Fisica,Sudeste,Recorrente,10,3,12,Pix,Sim,25.46,Nao
75,07/08/2025,Cabernet Sauvignon,Tinto,202,4,Marketplace,Sudeste,Recorrente,5,3,4,Cartao de Credito,Sim,14.73,Sim
76,10/12/2025,Vinho Branco Chardonnay,Branco,122,1,Loja Fisica,Sudeste,Recorrente,5,2,1,Cartao de Debito,Nao,15.63,Sim
77,08/07/2025,Sauvignon Blanc,Branco,170,7,Marketplace,Sudeste,Recorrente,0,4,2,Cartao de Credito,Nao,14.58,Sim
78,26/12/2025,Vinho Rose Premium,Rose,175,8,WhatsApp,Centro-Oeste,Recorrente,0,5,8,Cartao de Credito,Sim,19.54,Nao
79,09/07/2025,Merlot Selecionado,Tinto,236,3,Site,Sul,Recorrente,0,5,2,Cartao de Credito,Sim,22.62,Sim
80,26/06/2025,Cabernet Sauvignon,Tinto,185,4,Loja Fisica,Sul,Novo,10,4,4,Cartao de Credito,Nao,18.89,Sim
81,12/09/2025,Prosecco Italiano,Espumante,157,1,WhatsApp,Sul,Novo,25,5,7,Cartao de Credito,Sim,20.84,Sim
82,08/08/2025,Sauvignon Blanc,Branco,102,3,Marketplace,Sudeste,Novo,15,4,4,Cartao de Credito,Sim,22.82,Sim
83,25/07/2025,Sauvignon Blanc,Branco,119,7,Loja Fisica,Norte,Recorrente,15,3,4,Cartao de Credito,Sim,55.9,Sim
84,17/03/2025,Espumante Brut,Espumante,118,5,Loja Fisica,Centro-Oeste,Recorrente,0,5,3,Cartao de Debito,Nao,28.34,Sim
85,26/11/2025,Vinho Rose Premium,Rose,159,4,Loja Fisica,Norte,Recorrente,10,4,5,Pix,Nao,52.09,Sim
86,09/02/2025,Merlot Selecionado,Tinto,167,2,Site,Sudeste,Novo,10,3,4,Cartao de Credito,Nao,26.44,Nao
87,19/03/2025,Cabernet Sauvignon,Tinto,135,2,Site,Nordeste,Recorrente,10,5,5,Cartao de Credito,Nao,35.71,Sim
88,01/02/2026,Merlot Selecionado,Tinto,175,4,Loja Fisica,Nordeste,Recorrente,10,4,3,Cartao de Debito,Sim,41.63,Sim
89,29/06/2025,Merlot Selecionado,Tinto,175,4,Site,Nordeste,Recorrente,25,5,3,Pix,Sim,43.43,Sim
90,17/02/2025,Sauvignon Blanc,Branco,170,1,Site,Centro-Oeste,Novo,0,4,10,Cartao de Debito,Nao,43.1,Sim
91,04/10/2025,Merlot Selecionado,Tinto,191,7,Site,Nordeste,Novo,30,2,3,Boleto,Nao,42.79,Nao
92,06/07/2025,Vinho Tinto Reserva,Tinto,188,3,Marketplace,Sul,Novo,15,4,9,Pix,Sim,8.08,Sim
93,14/08/2025,Prosecco Italiano,Espumante,140,5,Loja Fisica,Sudeste,Recorrente,20,5,2,Pix,Nao,15.44,Sim
94,22/09/2025,Sauvignon Blanc,Branco,89,1,Loja Fisica,Centro-Oeste,Recorrente,0,4,3,Cartao de Debito,Nao,33.85,Sim
95,01/05/2025,Vinho Branco Chardonnay,Branco,127,1,Site,Norte,Novo,10,3,1,Cartao de Credito,Nao,65.19,Sim
96,18/08/2025,Vinho Rose Premium,Rose,235,5,Marketplace,Nordeste,Novo,5,5,6,Cartao de Credito,Nao,45.26,Nao
97,23/08/2025,Vinho Tinto Reserva,Tinto,226,3,Marketplace,Sudeste,Novo,5,3,1,Cartao de Credito,Nao,39.18,Nao
98,04/07/2025,Prosecco Italiano,Espumante,183,3,Loja Fisica,Sul,Novo,15,3,4,Pix,Sim,21.17,Sim
99,12/01/2026,Vinho Tinto Reserva,Tinto,196,3,WhatsApp,Sudeste,Novo,20,3,6,Pix,Nao,29.73,Sim
100,31/05/2025,Merlot Selecionado,Tinto,92,1,WhatsApp,Sudeste,Recorrente,15,5,1,Boleto,Sim,19.82,Sim
101,20/05/2025,Vinho Tinto Reserva,Tinto,216,2,WhatsApp,Sudeste,Novo,15,3,8,Cartao de Credito,Nao,30.32,Sim
102,05/11/2025,Sauvignon Blanc,Branco,126,2,WhatsApp,Sudeste,Recorrente,25,4,7,Pix,Sim,8.0,Sim
103,11/08/2025,Espumante Brut,Espumante,112,4,Site,Centro-Oeste,Novo,15,3,1,Cartao de Debito,Sim,36.95,Nao
104,03/02/2026,Vinho Tinto Reserva,Tinto,277,2,WhatsApp,Centro-Oeste,Recorrente,0,4,7,Cartao de Credito,Sim,39.18,Sim
105,12/01/2026,Vinho Tinto Reserva,Tinto,184,7,Site,Nordeste,Recorrente,10,3,5,Cartao de Credito,Sim,34.6,Sim
106,16/08/2025,Cabernet Sauvignon,Tinto,167,2,WhatsApp,Sudeste,Recorrente,10,2,8,Pix,Nao,30.2,Nao
107,13/04/2025,Merlot Selecionado,Tinto,130,3,Site,Sudeste,Novo,15,4,2,Cartao de Credito,Sim,13.06,Sim
108,29/01/2026,Prosecco Italiano,Espumante,237,2,WhatsApp,Centro-Oeste,Recorrente,0,3,12,Pix,Nao,35.67,Nao
109,12/04/2026,Vinho Branco Chardonnay,Branco,193,2,Marketplace,Sudeste,Recorrente,20,4,2,Cartao de Debito,Sim,22.02,Sim
110,17/11/2025,Vinho Branco Chardonnay,Branco,131,7,Loja Fisica,Norte,Recorrente,5,2,2,Cartao de Debito,Sim,52.48,Sim
111,30/01/2026,Vinho Branco Chardonnay,Branco,97,1,Marketplace,Norte,Novo,25,1,8,Cartao de Credito,Nao,42.25,Nao
112,22/03/2025,Sauvignon Blanc,Branco,122,6,Site,Centro-Oeste,Novo,5,5,4,Pix,Nao,32.66,Sim
113,04/03/2025,Vinho Rose Premium,Rose,138,6,Site,Norte,Novo,5,5,4,Cartao de Credito,Sim,51.76,Sim
114,21/09/2025,Cabernet Sauvignon,Tinto,256,6,Site,Norte,Recorrente,20,5,6,Cartao de Credito,Sim,54.03,Nao
115,02/10/2025,Prosecco Italiano,Espumante,280,3,WhatsApp,Sudeste,Novo,0,4,9,Pix,Nao,26.8,Sim
116,24/05/2025,Vinho Branco Chardonnay,Branco,184,4,Site,Sudeste,Recorrente,0,4,1,Pix,Nao,15.32,Sim
117,01/01/2026,Cabernet Sauvignon,Tinto,181,2,WhatsApp,Centro-Oeste,Novo,0,4,4,Cartao de Credito,Sim,36.61,Sim
118,08/09/2025,Prosecco Italiano,Espumante,237,1,WhatsApp,Sudeste,Novo,15,5,5,Pix,Nao,37.62,Sim
119,02/02/2026,Vinho Tinto Reserva,Tinto,190,8,Marketplace,Nordeste,Recorrente,15,1,4,Cartao de Debito,Nao,50.81,Sim
120,10/06/2025,Vinho Tinto Reserva,Tinto,209,3,Marketplace,Nordeste,Novo,15,1,10,Cartao de Credito,Sim,39.55,Nao
121,10/06/2025,Vinho Rose Premium,Rose,94,6,WhatsApp,Nordeste,Novo,0,3,3,Pix,Nao,49.38,Sim
122,02/06/2025,Merlot Selecionado,Tinto,104,6,Marketplace,Nordeste,Novo,10,5,3,Cartao de Credito,Nao,38.56,Sim
123,16/02/2026,Prosecco Italiano,Espumante,175,7,WhatsApp,Sudeste,Novo,15,3,12,Boleto,Nao,30.76,Sim
124,05/05/2025,Cabernet Sauvignon,Tinto,146,2,Site,Sudeste,Recorrente,25,4,2,Pix,Nao,31.11,Nao
125,26/03/2026,Vinho Rose Premium,Rose,141,2,Marketplace,Sul,Recorrente,0,4,10,Cartao de Credito,Nao,20.0,Nao
126,01/04/2025,Espumante Brut,Espumante,95,6,Loja Fisica,Centro-Oeste,Recorrente,15,5,9,Cartao de Credito,Nao,44.39,Sim
127,25/11/2025,Sauvignon Blanc,Branco,135,4,WhatsApp,Sudeste,Novo,5,4,10,Cartao de Credito,Sim,19.01,Sim
128,23/01/2026,Vinho Branco Chardonnay,Branco,164,1,Loja Fisica,Sul,Recorrente,5,3,6,Boleto,Nao,14.76,Sim
129,18/06/2025,Sauvignon Blanc,Branco,150,1,Marketplace,Sul,Novo,5,3,3,Cartao de Credito,Nao,13.48,Nao
130,24/11/2025,Vinho Tinto Reserva,Tinto,226,1,Marketplace,Sudeste,Novo,15,5,9,Boleto,Nao,31.53,Sim
131,07/05/2025,Vinho Rose Premium,Rose,153,1,Marketplace,Centro-Oeste,Novo,10,4,4,Pix,Sim,38.2,Sim
132,15/08/2025,Cabernet Sauvignon,Tinto,123,2,WhatsApp,Sul,Recorrente,25,3,4,Cartao de Credito,Nao,20.44,Sim
133,23/02/2026,Prosecco Italiano,Espumante,227,5,Site,Sudeste,Recorrente,0,4,7,Pix,Sim,29.17,Sim
134,09/01/2026,Cabernet Sauvignon,Tinto,203,1,WhatsApp,Norte,Novo,25,1,4,Boleto,Nao,50.06,Nao
135,07/03/2025,Sauvignon Blanc,Branco,59,2,Loja Fisica,Norte,Recorrente,0,5,2,Cartao de Debito,Sim,53.67,Sim
136,27/01/2026,Vinho Tinto Reserva,Tinto,233,2,Marketplace,Sudeste,Novo,5,4,2,Cartao de Credito,Nao,8.0,Nao
137,13/08/2025,Sauvignon Blanc,Branco,62,6,Loja Fisica,Sul,Recorrente,10,4,8,Cartao de Credito,Sim,9.59,Sim
138,24/09/2025,Vinho Tinto Reserva,Tinto,306,1,WhatsApp,Centro-Oeste,Recorrente,20,5,2,Cartao de Debito,Nao,53.57,Sim
139,23/12/2025,Vinho Tinto Reserva,Tinto,181,4,Loja Fisica,Centro-Oeste,Recorrente,0,3,5,Cartao de Credito,Nao,30.26,Sim
140,18/07/2025,Sauvignon Blanc,Branco,148,1,Loja Fisica,Nordeste,Novo,10,1,4,Cartao de Credito,Nao,51.1,Sim
141,06/01/2026,Cabernet Sauvignon,Tinto,234,1,Marketplace,Sul,Novo,15,4,8,Cartao de Credito,Nao,14.72,Sim
142,15/04/2025,Vinho Rose Premium,Rose,172,7,Loja Fisica,Norte,Recorrente,0,5,4,Cartao de Credito,Nao,42.74,Sim
143,14/04/2026,Merlot Selecionado,Tinto,165,3,Site,Sudeste,Recorrente,10,2,12,Pix,Nao,16.27,Sim
144,13/09/2025,Vinho Tinto Reserva,Tinto,204,1,Loja Fisica,Norte,Recorrente,10,2,3,Cartao de Credito,Nao,45.83,Nao
145,05/10/2025,Merlot Selecionado,Tinto,156,7,Marketplace,Sudeste,Novo,20,3,6,Pix,Nao,38.84,Nao
146,31/01/2025,Vinho Tinto Reserva,Tinto,237,5,Loja Fisica,Sul,Novo,15,2,2,Cartao de Credito,Sim,19.34,Nao
147,27/04/2026,Prosecco Italiano,Espumante,185,3,Site,Sul,Recorrente,10,3,4,Pix,Sim,20.8,Sim
148,03/06/2025,Cabernet Sauvignon,Tinto,141,3,Loja Fisica,Sudeste,Recorrente,0,5,4,Cartao de Credito,Nao,23.09,Nao
149,18/02/2025,Vinho Tinto Reserva,Tinto,260,3,Loja Fisica,Sul,Novo,10,4,7,Pix,Nao,26.33,Nao
150,11/06/2025,Vinho Rose Premium,Rose,167,6,Site,Sul,Novo,25,5,5,Cartao de Credito,Nao,37.63,Sim
151,13/03/2025,Vinho Branco Chardonnay,Branco,140,2,Loja Fisica,Sul,Novo,20,3,9,Cartao de Credito,Nao,9.37,Nao
152,20/05/2025,Cabernet Sauvignon,Tinto,66,1,Site,Nordeste,Novo,15,5,3,Boleto,Sim,41.89,Sim
153,31/12/2025,Vinho Rose Premium,Rose,93,2,Marketplace,Centro-Oeste,Novo,15,5,6,Cartao de Credito,Sim,48.99,Sim
154,14/01/2025,Sauvignon Blanc,Branco,122,1,Site,Sudeste,Novo,0,3,4,Pix,Sim,27.47,Sim
155,18/05/2025,Merlot Selecionado,Tinto,163,2,WhatsApp,Nordeste,Recorrente,30,3,4,Pix,Sim,41.05,Sim
156,04/01/2025,Cabernet Sauvignon,Tinto,184,2,WhatsApp,Sudeste,Recorrente,15,4,5,Pix,Sim,29.58,Sim
157,23/07/2025,Sauvignon Blanc,Branco,140,2,WhatsApp,Nordeste,Recorrente,0,3,10,Cartao de Credito,Sim,35.26,Sim
158,14/01/2025,Prosecco Italiano,Espumante,254,2,Site,Nordeste,Novo,25,3,12,Cartao de Credito,Nao,39.19,Nao
159,09/02/2026,Vinho Rose Premium,Rose,120,4,WhatsApp,Nordeste,Novo,10,4,3,Pix,Nao,44.5,Sim
160,25/02/2025,Prosecco Italiano,Espumante,148,6,WhatsApp,Sudeste,Novo,30,4,7,Pix,Nao,19.11,Sim
161,18/01/2026,Merlot Selecionado,Tinto,185,3,Marketplace,Centro-Oeste,Recorrente,5,5,2,Cartao de Credito,Sim,43.53,Sim
162,27/04/2026,Vinho Rose Premium,Rose,113,5,Marketplace,Sudeste,Novo,0,2,4,Cartao de Debito,Sim,26.66,Sim
163,28/11/2025,Merlot Selecionado,Tinto,134,3,Site,Sudeste,Recorrente,5,3,7,Cartao de Credito,Nao,25.51,Nao
164,29/03/2026,Vinho Rose Premium,Rose,101,2,Site,Sudeste,Recorrente,15,3,5,Cartao de Credito,Nao,22.98,Sim
165,10/12/2025,Sauvignon Blanc,Branco,155,2,Marketplace,Nordeste,Recorrente,20,4,3,Cartao de Credito,Sim,42.16,Sim
166,10/03/2025,Merlot Selecionado,Tinto,116,3,Site,Nordeste,Recorrente,20,4,3,Pix,Sim,35.71,Sim
167,12/10/2025,Cabernet Sauvignon,Tinto,193,3,Site,Sul,Novo,0,4,6,Pix,Nao,33.23,Sim
168,01/08/2025,Vinho Branco Chardonnay,Branco,123,1,Site,Sul,Novo,20,5,4,Pix,Nao,30.05,Sim
169,27/02/2025,Vinho Branco Chardonnay,Branco,147,4,Site,Sudeste,Recorrente,0,4,6,Boleto,Nao,24.99,Sim
170,15/05/2025,Merlot Selecionado,Tinto,97,4,Site,Sudeste,Novo,15,4,3,Cartao de Debito,Sim,20.49,Sim
171,21/02/2026,Prosecco Italiano,Espumante,202,5,Loja Fisica,Nordeste,Recorrente,20,4,4,Pix,Nao,39.01,Sim
172,20/01/2026,Merlot Selecionado,Tinto,109,1,WhatsApp,Sudeste,Recorrente,25,4,9,Boleto,Sim,21.83,Nao
173,01/08/2025,Espumante Brut,Espumante,132,6,Loja Fisica,Nordeste,Recorrente,15,4,4,Pix,Sim,38.91,Sim
174,22/11/2025,Cabernet Sauvignon,Tinto,117,4,WhatsApp,Sudeste,Recorrente,10,5,8,Cartao de Credito,Nao,31.63,Sim
175,03/04/2026,Cabernet Sauvignon,Tinto,180,7,WhatsApp,Sudeste,Novo,5,4,2,Boleto,Nao,16.27,Sim
176,04/06/2025,Cabernet Sauvignon,Tinto,118,1,WhatsApp,Sul,Recorrente,30,4,12,Cartao de Debito,Nao,11.15,Nao
177,18/02/2025,Espumante Brut,Espumante,149,1,Marketplace,Centro-Oeste,Novo,15,5,7,Pix,Sim,38.19,Sim
178,17/02/2026,Vinho Branco Chardonnay,Branco,101,2,Loja Fisica,Sudeste,Novo,20,4,4,Cartao de Credito,Sim,18.62,Sim
179,18/11/2025,Espumante Brut,Espumante,162,4,Loja Fisica,Norte,Novo,10,1,5,Pix,Nao,58.46,Nao
180,11/10/2025,Prosecco Italiano,Espumante,199,1,Marketplace,Centro-Oeste,Novo,30,3,2,Cartao de Credito,Sim,31.37,Nao
181,03/05/2025,Espumante Brut,Espumante,130,5,Marketplace,Sudeste,Recorrente,10,5,3,Cartao de Credito,Nao,11.95,Sim
182,30/08/2025,Prosecco Italiano,Espumante,180,6,Loja Fisica,Sudeste,Novo,5,5,4,Pix,Sim,21.66,Sim
183,24/11/2025,Vinho Tinto Reserva,Tinto,224,1,WhatsApp,Norte,Novo,5,4,7,Pix,Sim,47.3,Sim
184,12/08/2025,Espumante Brut,Espumante,132,6,WhatsApp,Sul,Novo,10,5,5,Pix,Sim,23.63,Sim
185,12/09/2025,Vinho Tinto Reserva,Tinto,232,1,Marketplace,Sul,Recorrente,15,3,1,Cartao de Credito,Sim,40.18,Sim
186,23/10/2025,Espumante Brut,Espumante,129,5,Loja Fisica,Norte,Recorrente,0,5,3,Cartao de Credito,Nao,51.61,Sim
187,07/01/2025,Merlot Selecionado,Tinto,230,1,Loja Fisica,Nordeste,Recorrente,15,2,6,Cartao de Credito,Nao,47.41,Sim
188,27/02/2026,Sauvignon Blanc,Branco,150,7,Loja Fisica,Nordeste,Recorrente,15,3,3,Cartao de Debito,Sim,39.59,Sim
189,13/04/2025,Vinho Tinto Reserva,Tinto,258,8,WhatsApp,Sul,Recorrente,5,5,3,Pix,Sim,35.05,Sim
190,27/06/2025,Vinho Rose Premium,Rose,99,3,WhatsApp,Sul,Recorrente,15,3,1,Cartao de Credito,Sim,24.41,Sim
191,31/12/2025,Vinho Tinto Reserva,Tinto,231,4,WhatsApp,Nordeste,Novo,10,3,4,Cartao de Credito,Nao,41.87,Sim
192,11/08/2025,Vinho Rose Premium,Rose,186,4,Site,Norte,Novo,0,2,7,Cartao de Credito,Nao,42.17,Sim
193,21/03/2025,Espumante Brut,Espumante,117,5,Marketplace,Nordeste,Novo,5,2,2,Boleto,Nao,48.94,Nao
194,21/01/2025,Merlot Selecionado,Tinto,120,7,Loja Fisica,Sudeste,Novo,0,2,6,Boleto,Nao,29.49,Nao
195,08/05/2025,Vinho Branco Chardonnay,Branco,163,2,Site,Centro-Oeste,Novo,30,1,4,Pix,Nao,37.28,Sim
196,08/02/2025,Vinho Branco Chardonnay,Branco,149,5,Loja Fisica,Sul,Novo,15,5,1,Pix,Nao,23.97,Sim
197,15/07/2025,Prosecco Italiano,Espumante,195,5,WhatsApp,Sul,Recorrente,0,5,4,Pix,Nao,18.73,Sim
198,16/07/2025,Vinho Rose Premium,Rose,175,2,Loja Fisica,Centro-Oeste,Recorrente,15,4,9,Pix,Sim,30.5,Sim
199,03/04/2025,Vinho Rose Premium,Rose,102,5,WhatsApp,Nordeste,Novo,10,4,9,Pix,Sim,31.46,Sim
200,22/02/2026,Vinho Tinto Reserva,Tinto,281,1,WhatsApp,Sudeste,Recorrente,30,5,2,Pix,Sim,15.54,Sim
201,27/12/2025,Vinho Rose Premium,Rose,59,2,WhatsApp,Norte,Novo,5,3,6,Cartao de Credito,Nao,37.57,Nao
202,01/01/2025,Vinho Branco Chardonnay,Branco,116,8,WhatsApp,Sudeste,Novo,10,2,2,Cartao de Credito,Nao,22.0,Nao
203,07/02/2025,Vinho Branco Chardonnay,Branco,126,5,WhatsApp,Sul,Novo,15,2,2,Pix,Sim,26.21,Nao
204,01/04/2026,Sauvignon Blanc,Branco,99,2,WhatsApp,Nordeste,Novo,15,4,3,Pix,Nao,38.27,Sim
205,18/10/2025,Vinho Rose Premium,Rose,114,2,Marketplace,Sudeste,Novo,0,4,5,Boleto,Nao,11.34,Nao
206,09/01/2026,Vinho Rose Premium,Rose,138,3,Site,Sul,Novo,5,4,11,Boleto,Nao,19.11,Sim
207,29/06/2025,Espumante Brut,Espumante,134,2,WhatsApp,Nordeste,Novo,10,4,2,Cartao de Credito,Nao,53.91,Sim
208,31/03/2026,Prosecco Italiano,Espumante,201,4,Loja Fisica,Sudeste,Recorrente,0,1,3,Cartao de Credito,Sim,13.8,Nao
209,29/07/2025,Cabernet Sauvignon,Tinto,111,6,Marketplace,Sudeste,Recorrente,15,4,1,Cartao de Credito,Nao,43.78,Sim
210,03/09/2025,Espumante Brut,Espumante,102,1,Site,Centro-Oeste,Recorrente,0,1,1,Boleto,Nao,28.31,Sim
211,15/07/2025,Vinho Branco Chardonnay,Branco,72,3,Loja Fisica,Nordeste,Recorrente,25,3,5,Cartao de Credito,Sim,25.22,Sim
212,27/04/2025,Espumante Brut,Espumante,91,5,Site,Sul,Recorrente,0,4,7,Cartao de Credito,Nao,24.31,Sim
213,20/10/2025,Sauvignon Blanc,Branco,186,7,Site,Sudeste,Novo,5,5,1,Pix,Nao,21.39,Sim
214,17/03/2025,Cabernet Sauvignon,Tinto,208,7,Loja Fisica,Sudeste,Novo,0,2,6,Cartao de Credito,Nao,21.26,Sim
215,18/03/2025,Cabernet Sauvignon,Tinto,210,3,WhatsApp,Sudeste,Recorrente,0,4,5,Boleto,Sim,29.3,Sim
216,22/05/2025,Cabernet Sauvignon,Tinto,213,1,Site,Sudeste,Novo,10,3,4,Pix,Sim,19.32,Sim
217,09/09/2025,Sauvignon Blanc,Branco,206,2,Loja Fisica,Nordeste,Recorrente,25,1,7,Cartao de Credito,Sim,46.05,Nao
218,24/01/2026,Vinho Rose Premium,Rose,217,2,WhatsApp,Sudeste,Novo,15,3,2,Boleto,Nao,40.18,Sim
219,08/05/2025,Vinho Tinto Reserva,Tinto,207,2,Site,Sul,Recorrente,20,1,2,Boleto,Nao,21.55,Sim
220,28/10/2025,Merlot Selecionado,Tinto,150,5,Site,Centro-Oeste,Novo,0,3,5,Cartao de Credito,Nao,27.86,Sim
221,29/07/2025,Espumante Brut,Espumante,119,2,Site,Sul,Recorrente,30,5,5,Pix,Sim,9.78,Sim
222,13/03/2026,Vinho Tinto Reserva,Tinto,209,1,WhatsApp,Sudeste,Recorrente,25,4,6,Cartao de Credito,Nao,24.69,Sim
223,17/12/2025,Prosecco Italiano,Espumante,174,3,Marketplace,Sul,Recorrente,30,5,5,Pix,Sim,31.19,Sim
224,04/11/2025,Espumante Brut,Espumante,71,2,Marketplace,Norte,Novo,0,5,9,Boleto,Nao,35.71,Sim
225,24/04/2025,Vinho Branco Chardonnay,Branco,129,8,Loja Fisica,Sudeste,Novo,0,4,5,Cartao de Credito,Nao,12.51,Sim
226,26/01/2026,Prosecco Italiano,Espumante,236,3,WhatsApp,Nordeste,Recorrente,0,2,2,Cartao de Credito,Nao,35.38,Nao
227,21/11/2025,Merlot Selecionado,Tinto,144,1,WhatsApp,Sudeste,Recorrente,5,4,4,Cartao de Credito,Sim,19.32,Nao
228,03/04/2026,Cabernet Sauvignon,Tinto,144,1,Marketplace,Sudeste,Novo,20,2,12,Cartao de Credito,Nao,24.91,Nao
229,23/03/2025,Merlot Selecionado,Tinto,175,1,Site,Norte,Novo,0,4,2,Boleto,Nao,44.16,Nao
230,29/09/2025,Cabernet Sauvignon,Tinto,197,2,Site,Sudeste,Novo,10,5,11,Cartao de Debito,Nao,30.2,Nao
231,26/09/2025,Vinho Rose Premium,Rose,161,2,Loja Fisica,Sudeste,Novo,0,1,10,Pix,Nao,40.2,Nao
232,29/10/2025,Vinho Branco Chardonnay,Branco,94,2,Loja Fisica,Norte,Recorrente,10,3,6,Cartao de Credito,Nao,62.38,Sim
233,05/03/2025,Vinho Tinto Reserva,Tinto,191,5,Marketplace,Centro-Oeste,Novo,0,5,1,Cartao de Credito,Sim,42.08,Sim
234,13/11/2025,Vinho Branco Chardonnay,Branco,155,1,Site,Sul,Recorrente,15,4,4,Cartao de Debito,Nao,33.7,Sim
235,04/09/2025,Cabernet Sauvignon,Tinto,117,5,WhatsApp,Norte,Novo,10,3,5,Cartao de Debito,Nao,48.16,Sim
236,01/06/2025,Cabernet Sauvignon,Tinto,229,4,Loja Fisica,Sul,Recorrente,15,2,3,Cartao de Credito,Nao,13.61,Sim
237,18/06/2025,Vinho Branco Chardonnay,Branco,191,2,Marketplace,Sudeste,Novo,20,5,1,Cartao de Credito,Nao,12.88,Sim
238,13/02/2026,Espumante Brut,Espumante,131,5,Loja Fisica,Sudeste,Recorrente,5,3,8,Boleto,Nao,21.56,Sim
239,27/03/2026,Vinho Tinto Reserva,Tinto,302,1,WhatsApp,Sudeste,Recorrente,10,4,7,Pix,Nao,22.22,Nao
240,25/04/2025,Vinho Branco Chardonnay,Branco,95,6,Site,Sul,Recorrente,0,5,4,Boleto,Nao,22.98,Sim
241,10/11/2025,Merlot Selecionado,Tinto,101,3,Site,Nordeste,Recorrente,15,4,2,Boleto,Nao,40.54,Sim
242,23/02/2026,Vinho Branco Chardonnay,Branco,96,3,Loja Fisica,Nordeste,Novo,5,3,4,Pix,Sim,41.69,Sim
243,13/11/2025,Prosecco Italiano,Espumante,227,2,WhatsApp,Nordeste,Novo,10,1,5,Boleto,Nao,46.94,Nao
244,20/08/2025,Vinho Rose Premium,Rose,125,2,WhatsApp,Nordeste,Recorrente,5,5,5,Pix,Sim,34.71,Sim
245,29/07/2025,Vinho Rose Premium,Rose,185,3,WhatsApp,Centro-Oeste,Novo,0,5,4,Boleto,Nao,34.1,Nao
246,02/04/2026,Vinho Rose Premium,Rose,203,1,WhatsApp,Sul,Novo,15,1,5,Pix,Sim,32.76,Nao
247,22/02/2026,Vinho Branco Chardonnay,Branco,142,4,Site,Sudeste,Recorrente,25,5,9,Pix,Sim,23.83,Sim
248,25/12/2025,Merlot Selecionado,Tinto,122,8,WhatsApp,Nordeste,Novo,30,5,4,Cartao de Credito,Sim,41.8,Sim
249,15/09/2025,Merlot Selecionado,Tinto,138,3,Loja Fisica,Centro-Oeste,Novo,5,4,12,Pix,Nao,15.8,Sim
250,24/02/2025,Cabernet Sauvignon,Tinto,172,3,WhatsApp,Nordeste,Recorrente,25,4,8,Pix,Sim,31.74,Sim
251,22/02/2025,Vinho Tinto Reserva,Tinto,249,1,Site,Sudeste,Recorrente,15,3,7,Cartao de Credito,Nao,36.67,Sim
252,10/06/2025,Vinho Rose Premium,Rose,147,1,WhatsApp,Nordeste,Novo,15,5,3,Cartao de Debito,Nao,31.74,Sim
253,07/01/2026,Espumante Brut,Espumante,141,6,Site,Sudeste,Recorrente,15,3,5,Pix,Sim,39.43,Sim
254,27/08/2025,Vinho Branco Chardonnay,Branco,154,7,Marketplace,Sul,Novo,5,3,2,Boleto,Sim,21.67,Sim
255,05/04/2025,Vinho Branco Chardonnay,Branco,185,5,Marketplace,Nordeste,Novo,20,4,1,Pix,Nao,37.32,Nao
256,26/02/2026,Vinho Branco Chardonnay,Branco,98,1,Loja Fisica,Sudeste,Novo,5,3,7,Pix,Nao,29.0,Sim
257,04/10/2025,Cabernet Sauvignon,Tinto,149,6,Marketplace,Centro-Oeste,Recorrente,15,3,9,Cartao de Debito,Sim,26.41,Sim
258,17/11/2025,Merlot Selecionado,Tinto,114,3,Site,Centro-Oeste,Novo,0,2,11,Boleto,Nao,33.14,Nao
259,24/08/2025,Vinho Rose Premium,Rose,175,1,Site,Nordeste,Recorrente,20,4,10,Boleto,Sim,35.69,Sim
260,01/10/2025,Cabernet Sauvignon,Tinto,233,3,Site,Sudeste,Novo,5,4,4,Cartao de Credito,Nao,28.76,Nao
261,22/07/2025,Cabernet Sauvignon,Tinto,171,4,Loja Fisica,Norte,Novo,20,3,1,Boleto,Sim,37.39,Sim
262,11/07/2025,Vinho Branco Chardonnay,Branco,119,2,WhatsApp,Centro-Oeste,Recorrente,0,4,9,Boleto,Nao,33.1,Sim
263,20/09/2025,Vinho Branco Chardonnay,Branco,142,3,Site,Norte,Novo,15,5,3,Cartao de Credito,Nao,48.56,Sim
264,20/02/2025,Espumante Brut,Espumante,127,5,WhatsApp,Nordeste,Recorrente,30,4,5,Cartao de Credito,Sim,46.75,Sim
265,18/10/2025,Merlot Selecionado,Tinto,124,1,Site,Sul,Novo,10,3,5,Pix,Sim,31.33,Sim
266,01/02/2026,Sauvignon Blanc,Branco,145,5,Marketplace,Centro-Oeste,Novo,5,4,3,Pix,Sim,40.05,Sim
267,20/11/2025,Vinho Branco Chardonnay,Branco,129,2,WhatsApp,Norte,Novo,15,4,6,Cartao de Debito,Nao,45.38,Sim
268,15/03/2026,Sauvignon Blanc,Branco,132,1,Loja Fisica,Norte,Recorrente,15,2,3,Cartao de Debito,Nao,42.51,Sim
269,04/12/2025,Cabernet Sauvignon,Tinto,133,4,WhatsApp,Nordeste,Recorrente,0,4,4,Cartao de Credito,Nao,47.71,Sim
270,28/03/2026,Prosecco Italiano,Espumante,199,4,Loja Fisica,Sudeste,Novo,15,4,7,Cartao de Credito,Nao,23.14,Nao
271,09/02/2025,Merlot Selecionado,Tinto,239,3,Loja Fisica,Nordeste,Recorrente,10,3,3,Pix,Nao,54.7,Sim
272,19/04/2025,Vinho Rose Premium,Rose,114,6,Site,Sudeste,Recorrente,10,2,2,Cartao de Credito,Nao,23.23,Sim
273,31/10/2025,Cabernet Sauvignon,Tinto,148,2,Loja Fisica,Centro-Oeste,Recorrente,10,4,4,Cartao de Credito,Sim,26.98,Sim
274,30/04/2026,Vinho Tinto Reserva,Tinto,246,1,WhatsApp,Sudeste,Novo,30,4,8,Pix,Nao,21.14,Sim
275,21/08/2025,Prosecco Italiano,Espumante,205,5,Marketplace,Nordeste,Recorrente,0,4,3,Pix,Sim,38.38,Sim
276,06/02/2026,Sauvignon Blanc,Branco,115,1,WhatsApp,Sudeste,Novo,0,2,4,Pix,Sim,26.53,Nao
277,28/04/2025,Cabernet Sauvignon,Tinto,149,3,WhatsApp,Norte,Recorrente,15,4,3,Cartao de Credito,Nao,48.47,Sim
278,06/10/2025,Sauvignon Blanc,Branco,88,6,WhatsApp,Centro-Oeste,Novo,5,5,9,Cartao de Credito,Nao,45.67,Sim
279,05/08/2025,Vinho Tinto Reserva,Tinto,212,1,Marketplace,Nordeste,Novo,5,2,5,Cartao de Credito,Nao,40.11,Nao
280,14/03/2026,Sauvignon Blanc,Branco,130,5,Site,Sudeste,Recorrente,5,3,3,Pix,Nao,15.74,Sim
281,03/01/2025,Vinho Rose Premium,Rose,93,1,Loja Fisica,Sudeste,Novo,10,4,6,Cartao de Credito,Nao,28.08,Nao
282,02/11/2025,Prosecco Italiano,Espumante,225,1,Loja Fisica,Sul,Novo,5,5,5,Pix,Nao,18.16,Nao
283,19/01/2025,Vinho Branco Chardonnay,Branco,113,1,Marketplace,Nordeste,Novo,0,4,4,Cartao de Credito,Sim,35.36,Sim
284,14/10/2025,Vinho Branco Chardonnay,Branco,165,2,Marketplace,Sudeste,Novo,0,4,9,Pix,Nao,27.34,Sim
285,20/09/2025,Espumante Brut,Espumante,133,2,Site,Sul,Novo,10,4,4,Cartao de Credito,Sim,42.32,Sim
286,04/02/2025,Espumante Brut,Espumante,85,3,WhatsApp,Nordeste,Recorrente,10,4,5,Cartao de Credito,Sim,22.46,Sim
287,08/02/2025,Vinho Rose Premium,Rose,137,2,WhatsApp,Sudeste,Novo,20,3,1,Pix,Nao,18.82,Sim
288,14/04/2025,Merlot Selecionado,Tinto,110,2,WhatsApp,Nordeste,Recorrente,10,3,6,Cartao de Debito,Sim,55.5,Sim
289,10/09/2025,Merlot Selecionado,Tinto,169,6,Marketplace,Centro-Oeste,Recorrente,15,4,1,Pix,Nao,37.16,Sim
290,21/07/2025,Espumante Brut,Espumante,59,6,Site,Sudeste,Recorrente,0,5,4,Pix,Nao,25.33,Sim
291,02/05/2025,Prosecco Italiano,Espumante,247,2,Marketplace,Sul,Novo,10,3,5,Cartao de Credito,Nao,20.18,Nao
292,21/02/2025,Merlot Selecionado,Tinto,129,1,Marketplace,Sudeste,Recorrente,5,3,2,Pix,Sim,31.02,Sim
293,11/06/2025,Sauvignon Blanc,Branco,145,5,Marketplace,Sudeste,Novo,10,2,9,Pix,Nao,19.85,Sim
294,12/05/2025,Vinho Tinto Reserva,Tinto,182,1,WhatsApp,Sudeste,Recorrente,10,3,3,Pix,Nao,31.3,Sim
295,01/04/2026,Merlot Selecionado,Tinto,225,1,Site,Centro-Oeste,Novo,20,3,6,Pix,Nao,18.79,Nao
296,12/06/2025,Prosecco Italiano,Espumante,175,1,WhatsApp,Sudeste,Recorrente,10,5,1,Cartao de Credito,Sim,20.7,Sim
297,27/04/2026,Sauvignon Blanc,Branco,124,6,Site,Centro-Oeste,Recorrente,10,3,1,Pix,Nao,42.6,Sim
298,02/12/2025,Vinho Rose Premium,Rose,158,1,WhatsApp,Centro-Oeste,Novo,5,5,1,Cartao de Credito,Sim,37.23,Sim
299,04/10/2025,Vinho Rose Premium,Rose,150,3,Loja Fisica,Nordeste,Novo,15,5,3,Pix,Nao,48.54,Sim
300,04/10/2025,Vinho Branco Chardonnay,Branco,197,1,Marketplace,Centro-Oeste,Recorrente,10,4,5,Cartao de Credito,Sim,31.65,Sim
301,02/09/2025,Espumante Brut,Espumante,99,2,Loja Fisica,Nordeste,Recorrente,5,4,1,Cartao de Debito,Nao,46.63,Nao
302,10/02/2025,Espumante Brut,Espumante,63,3,Loja Fisica,Norte,Novo,5,4,5,Boleto,Sim,39.82,Sim
303,07/04/2025,Espumante Brut,Espumante,105,5,Site,Nordeste,Novo,5,4,5,Cartao de Credito,Nao,54.87,Sim
304,10/07/2025,Vinho Tinto Reserva,Tinto,236,2,Marketplace,Nordeste,Novo,0,4,3,Cartao de Credito,Nao,45.42,Nao
305,29/01/2026,Merlot Selecionado,Tinto,214,1,Loja Fisica,Sudeste,Recorrente,0,5,3,Cartao de Credito,Sim,30.44,Sim
306,08/01/2026,Prosecco Italiano,Espumante,191,1,Marketplace,Sul,Recorrente,0,3,11,Cartao de Debito,Sim,47.82,Nao
307,03/03/2025,Cabernet Sauvignon,Tinto,168,1,WhatsApp,Norte,Novo,0,4,3,Cartao de Credito,Sim,59.41,Sim
308,31/01/2025,Vinho Tinto Reserva,Tinto,178,4,Loja Fisica,Nordeste,Novo,10,4,3,Cartao de Debito,Nao,36.02,Nao
309,06/04/2026,Cabernet Sauvignon,Tinto,188,8,WhatsApp,Nordeste,Recorrente,10,3,6,Cartao de Credito,Sim,46.14,Nao
310,19/08/2025,Espumante Brut,Espumante,76,3,Site,Sudeste,Recorrente,20,4,8,Cartao de Credito,Nao,21.54,Sim
311,24/02/2026,Merlot Selecionado,Tinto,96,3,Marketplace,Norte,Recorrente,5,4,3,Cartao de Credito,Nao,51.94,Sim
312,24/02/2025,Prosecco Italiano,Espumante,191,2,Site,Sudeste,Novo,15,1,10,Cartao de Credito,Sim,19.39,Sim
313,10/02/2025,Sauvignon Blanc,Branco,104,4,Loja Fisica,Sudeste,Recorrente,0,5,2,Pix,Nao,15.82,Sim
314,23/09/2025,Merlot Selecionado,Tinto,75,2,Site,Nordeste,Recorrente,5,1,1,Cartao de Credito,Nao,35.27,Nao
315,07/12/2025,Sauvignon Blanc,Branco,146,1,Marketplace,Sul,Recorrente,10,2,5,Cartao de Credito,Sim,31.08,Sim
316,21/11/2025,Vinho Branco Chardonnay,Branco,96,4,Site,Centro-Oeste,Recorrente,25,4,12,Boleto,Sim,31.07,Nao
317,23/09/2025,Vinho Rose Premium,Rose,125,4,WhatsApp,Sudeste,Recorrente,10,3,6,Cartao de Debito,Nao,21.86,Nao
318,20/01/2025,Vinho Tinto Reserva,Tinto,221,5,Loja Fisica,Nordeste,Recorrente,5,4,5,Cartao de Debito,Sim,47.39,Sim
319,27/02/2026,Espumante Brut,Espumante,85,1,WhatsApp,Sul,Novo,25,5,6,Boleto,Sim,29.84,Sim
320,22/03/2026,Cabernet Sauvignon,Tinto,142,4,Site,Sul,Novo,20,3,7,Cartao de Credito,Nao,18.19,Nao
321,17/08/2025,Vinho Tinto Reserva,Tinto,193,1,Site,Sudeste,Recorrente,5,4,2,Pix,Nao,15.57,Sim
322,08/03/2025,Cabernet Sauvignon,Tinto,174,2,Loja Fisica,Sul,Recorrente,0,3,1,Pix,Nao,28.52,Sim
323,10/12/2025,Vinho Rose Premium,Rose,94,1,Marketplace,Nordeste,Novo,0,5,3,Cartao de Debito,Sim,42.89,Sim
324,13/04/2025,Vinho Rose Premium,Rose,127,1,Site,Norte,Recorrente,30,4,2,Cartao de Credito,Nao,57.7,Sim
325,18/04/2025,Cabernet Sauvignon,Tinto,179,7,WhatsApp,Norte,Recorrente,0,4,2,Pix,Sim,49.74,Sim
326,23/12/2025,Espumante Brut,Espumante,68,8,Marketplace,Centro-Oeste,Novo,25,4,3,Cartao de Credito,Sim,30.63,Sim
327,30/12/2025,Vinho Tinto Reserva,Tinto,280,4,WhatsApp,Sudeste,Novo,5,5,3,Cartao de Debito,Nao,28.78,Sim
328,30/06/2025,Cabernet Sauvignon,Tinto,186,2,WhatsApp,Sul,Novo,10,3,3,Cartao de Credito,Sim,30.69,Sim
329,14/02/2025,Espumante Brut,Espumante,139,6,WhatsApp,Nordeste,Novo,10,3,2,Cartao de Debito,Nao,31.62,Sim
330,12/03/2025,Vinho Rose Premium,Rose,106,2,Site,Centro-Oeste,Novo,0,4,5,Pix,Sim,39.18,Sim
331,16/03/2025,Vinho Branco Chardonnay,Branco,64,5,Marketplace,Centro-Oeste,Novo,0,4,6,Cartao de Credito,Nao,41.45,Nao
332,12/11/2025,Sauvignon Blanc,Branco,160,4,WhatsApp,Centro-Oeste,Recorrente,0,3,2,Cartao de Credito,Nao,32.36,Sim
333,31/08/2025,Vinho Rose Premium,Rose,126,1,Loja Fisica,Nordeste,Novo,20,4,5,Cartao de Credito,Sim,38.7,Sim
334,12/11/2025,Vinho Tinto Reserva,Tinto,145,6,WhatsApp,Sudeste,Recorrente,0,3,2,Cartao de Debito,Sim,35.45,Sim
335,27/12/2025,Prosecco Italiano,Espumante,220,5,Marketplace,Nordeste,Recorrente,5,5,5,Pix,Nao,36.52,Sim
336,14/08/2025,Prosecco Italiano,Espumante,114,6,Loja Fisica,Sudeste,Recorrente,0,3,7,Cartao de Debito,Sim,28.39,Sim
337,26/04/2026,Espumante Brut,Espumante,80,3,Loja Fisica,Sudeste,Novo,20,4,6,Cartao de Credito,Nao,26.02,Sim
338,03/01/2026,Sauvignon Blanc,Branco,93,1,Marketplace,Nordeste,Novo,10,3,6,Cartao de Debito,Nao,46.53,Sim
339,23/03/2026,Prosecco Italiano,Espumante,178,4,Marketplace,Norte,Recorrente,0,4,1,Cartao de Credito,Sim,45.48,Sim
340,10/05/2025,Vinho Branco Chardonnay,Branco,165,2,Site,Nordeste,Novo,15,2,2,Cartao de Credito,Nao,53.38,Nao
341,14/11/2025,Prosecco Italiano,Espumante,185,6,Loja Fisica,Centro-Oeste,Recorrente,10,2,5,Cartao de Credito,Nao,33.77,Nao
342,02/04/2025,Vinho Rose Premium,Rose,170,4,Loja Fisica,Nordeste,Recorrente,20,3,10,Cartao de Credito,Sim,43.37,Sim
343,30/08/2025,Vinho Branco Chardonnay,Branco,201,2,Loja Fisica,Nordeste,Novo,25,5,7,Boleto,Sim,39.2,Nao
344,08/02/2026,Espumante Brut,Espumante,100,1,Loja Fisica,Sul,Recorrente,30,4,1,Pix,Nao,29.26,Sim
345,29/05/2025,Merlot Selecionado,Tinto,156,3,WhatsApp,Centro-Oeste,Recorrente,15,4,7,Cartao de Debito,Sim,44.45,Sim
346,20/12/2025,Vinho Tinto Reserva,Tinto,163,4,Loja Fisica,Centro-Oeste,Novo,0,3,7,Cartao de Credito,Nao,37.13,Nao
347,18/04/2026,Espumante Brut,Espumante,104,4,Loja Fisica,Sudeste,Novo,10,5,8,Cartao de Credito,Nao,33.61,Nao
348,07/01/2026,Vinho Tinto Reserva,Tinto,202,3,WhatsApp,Sudeste,Novo,20,4,6,Boleto,Sim,16.73,Sim
349,20/10/2025,Vinho Tinto Reserva,Tinto,244,5,WhatsApp,Sudeste,Recorrente,5,1,12,Pix,Nao,35.75,Sim
350,04/06/2025,Cabernet Sauvignon,Tinto,211,4,Site,Sul,Novo,10,3,4,Cartao de Debito,Sim,11.96,Sim
351,15/03/2025,Vinho Tinto Reserva,Tinto,244,2,Loja Fisica,Sudeste,Recorrente,0,5,6,Pix,Nao,8.0,Sim
352,22/02/2025,Vinho Branco Chardonnay,Branco,142,2,WhatsApp,Sul,Novo,0,5,8,Cartao de Credito,Nao,24.1,Nao
353,28/02/2025,Espumante Brut,Espumante,182,3,Loja Fisica,Sudeste,Novo,10,5,6,Cartao de Credito,Sim,25.9,Sim
354,08/03/2025,Cabernet Sauvignon,Tinto,179,2,Loja Fisica,Nordeste,Novo,5,2,5,Cartao de Credito,Sim,49.16,Nao
355,01/01/2026,Vinho Tinto Reserva,Tinto,239,2,Loja Fisica,Centro-Oeste,Recorrente,20,4,5,Cartao de Credito,Nao,35.64,Sim
356,29/04/2025,Cabernet Sauvignon,Tinto,232,2,Loja Fisica,Nordeste,Recorrente,10,4,6,Pix,Nao,39.79,Sim
357,29/03/2025,Espumante Brut,Espumante,151,4,Marketplace,Nordeste,Recorrente,10,1,4,Cartao de Credito,Nao,37.85,Sim
358,23/03/2025,Vinho Branco Chardonnay,Branco,100,4,Loja Fisica,Centro-Oeste,Novo,5,4,5,Cartao de Credito,Sim,33.59,Sim
359,05/03/2026,Merlot Selecionado,Tinto,174,2,WhatsApp,Centro-Oeste,Novo,15,3,6,Pix,Nao,45.89,Nao
360,01/02/2025,Prosecco Italiano,Espumante,181,2,Site,Sudeste,Recorrente,15,4,7,Cartao de Credito,Nao,27.23,Sim
361,16/04/2026,Vinho Tinto Reserva,Tinto,231,2,Site,Centro-Oeste,Novo,0,5,3,Boleto,Nao,22.25,Sim
362,03/07/2025,Merlot Selecionado,Tinto,209,3,Site,Nordeste,Recorrente,0,5,11,Cartao de Credito,Nao,41.36,Sim
363,19/04/2026,Vinho Tinto Reserva,Tinto,234,2,Site,Sudeste,Novo,10,4,4,Cartao de Credito,Sim,36.4,Sim
364,01/08/2025,Espumante Brut,Espumante,176,1,Loja Fisica,Sul,Recorrente,10,4,12,Cartao de Credito,Nao,21.81,Nao
365,18/05/2025,Sauvignon Blanc,Branco,99,2,WhatsApp,Sudeste,Novo,10,1,4,Pix,Nao,17.84,Sim
366,24/05/2025,Merlot Selecionado,Tinto,169,3,Site,Centro-Oeste,Recorrente,0,5,4,Boleto,Nao,34.46,Sim
367,21/08/2025,Cabernet Sauvignon,Tinto,171,4,Marketplace,Nordeste,Recorrente,10,4,9,Pix,Sim,53.29,Sim
368,28/03/2025,Merlot Selecionado,Tinto,74,5,Site,Sul,Recorrente,15,5,5,Cartao de Credito,Nao,31.69,Sim
369,27/02/2025,Espumante Brut,Espumante,138,2,Loja Fisica,Sudeste,Recorrente,5,2,3,Boleto,Sim,13.56,Nao
370,25/02/2026,Vinho Branco Chardonnay,Branco,119,1,WhatsApp,Sudeste,Novo,10,1,12,Cartao de Debito,Nao,17.53,Nao
371,24/07/2025,Sauvignon Blanc,Branco,133,2,Marketplace,Sudeste,Recorrente,5,4,7,Cartao de Credito,Sim,18.15,Sim
372,22/01/2025,Vinho Rose Premium,Rose,106,3,Loja Fisica,Norte,Novo,25,4,6,Cartao de Debito,Nao,56.58,Nao
373,11/01/2026,Merlot Selecionado,Tinto,198,6,WhatsApp,Sudeste,Novo,0,4,3,Boleto,Nao,21.69,Nao
374,09/05/2025,Merlot Selecionado,Tinto,106,2,Loja Fisica,Sul,Novo,10,4,6,Cartao de Credito,Nao,8.0,Sim
375,28/11/2025,Cabernet Sauvignon,Tinto,217,6,Loja Fisica,Centro-Oeste,Novo,25,2,5,Cartao de Credito,Nao,37.76,Nao
376,24/03/2025,Cabernet Sauvignon,Tinto,159,2,WhatsApp,Centro-Oeste,Recorrente,5,4,9,Boleto,Sim,28.24,Sim
377,15/03/2025,Vinho Tinto Reserva,Tinto,204,1,WhatsApp,Sudeste,Novo,10,5,5,Cartao de Credito,Nao,28.83,Sim
378,07/12/2025,Cabernet Sauvignon,Tinto,220,1,Loja Fisica,Centro-Oeste,Novo,10,5,2,Pix,Nao,27.38,Sim
379,19/12/2025,Merlot Selecionado,Tinto,200,3,WhatsApp,Sudeste,Novo,20,5,7,Pix,Sim,18.1,Sim
380,14/04/2025,Merlot Selecionado,Tinto,143,1,WhatsApp,Centro-Oeste,Novo,20,3,8,Boleto,Sim,39.88,Sim
381,31/10/2025,Sauvignon Blanc,Branco,112,2,Loja Fisica,Nordeste,Recorrente,20,4,2,Cartao de Credito,Sim,36.29,Sim
382,25/09/2025,Espumante Brut,Espumante,59,5,WhatsApp,Sul,Novo,5,5,4,Cartao de Credito,Nao,22.04,Sim
383,20/11/2025,Vinho Branco Chardonnay,Branco,137,1,Marketplace,Sudeste,Novo,25,4,3,Pix,Sim,18.18,Sim
384,13/01/2026,Cabernet Sauvignon,Tinto,147,3,WhatsApp,Sul,Recorrente,20,3,7,Pix,Nao,23.33,Sim
385,05/05/2025,Vinho Branco Chardonnay,Branco,96,1,Loja Fisica,Sul,Novo,5,5,2,Cartao de Credito,Sim,40.63,Sim
386,22/12/2025,Cabernet Sauvignon,Tinto,183,2,Loja Fisica,Norte,Novo,0,5,6,Pix,Sim,37.06,Sim
387,05/02/2026,Vinho Branco Chardonnay,Branco,154,3,Site,Norte,Recorrente,0,3,4,Cartao de Debito,Nao,59.0,Sim
388,27/02/2025,Vinho Rose Premium,Rose,189,8,Marketplace,Norte,Recorrente,10,4,5,Cartao de Credito,Sim,69.95,Sim
389,27/01/2025,Prosecco Italiano,Espumante,167,6,Loja Fisica,Sudeste,Novo,5,4,9,Pix,Sim,24.07,Sim
390,20/02/2025,Vinho Tinto Reserva,Tinto,210,6,Marketplace,Centro-Oeste,Novo,0,4,3,Boleto,Sim,34.37,Sim
391,20/11/2025,Vinho Rose Premium,Rose,130,3,Site,Norte,Novo,25,4,3,Cartao de Credito,Nao,51.98,Sim
392,23/11/2025,Merlot Selecionado,Tinto,200,1,Loja Fisica,Nordeste,Recorrente,0,3,9,Pix,Nao,50.8,Nao
393,24/10/2025,Vinho Rose Premium,Rose,213,3,WhatsApp,Centro-Oeste,Recorrente,5,5,6,Cartao de Credito,Sim,42.16,Nao
394,20/02/2025,Vinho Branco Chardonnay,Branco,209,2,Loja Fisica,Norte,Recorrente,10,4,3,Boleto,Nao,39.18,Sim
395,26/10/2025,Vinho Tinto Reserva,Tinto,215,1,Site,Sudeste,Recorrente,0,4,2,Pix,Nao,16.34,Sim
396,07/08/2025,Vinho Branco Chardonnay,Branco,166,5,Site,Sudeste,Recorrente,20,2,9,Cartao de Credito,Sim,18.2,Nao
397,07/07/2025,Vinho Rose Premium,Rose,153,6,Marketplace,Sul,Recorrente,15,5,2,Cartao de Credito,Nao,18.8,Sim
398,25/01/2026,Cabernet Sauvignon,Tinto,108,1,Site,Sudeste,Recorrente,15,5,8,Pix,Nao,18.86,Sim
399,20/08/2025,Espumante Brut,Espumante,79,1,Site,Sudeste,Recorrente,20,4,4,Boleto,Nao,23.81,Sim
400,15/04/2025,Cabernet Sauvignon,Tinto,199,1,Site,Sul,Recorrente,0,3,2,Cartao de Credito,Sim,37.37,Sim
401,24/09/2025,Espumante Brut,Espumante,69,7,Site,Sudeste,Recorrente,0,3,1,Boleto,Nao,30.07,Sim
402,27/04/2025,Merlot Selecionado,Tinto,122,3,Marketplace,Sudeste,Recorrente,10,4,9,Cartao de Credito,Nao,12.33,Nao
403,24/03/2025,Vinho Tinto Reserva,Tinto,248,7,Marketplace,Sul,Recorrente,0,3,6,Cartao de Debito,Nao,27.25,Sim
404,04/03/2025,Merlot Selecionado,Tinto,122,2,Loja Fisica,Nordeste,Recorrente,30,2,4,Cartao de Debito,Nao,38.11,Sim
405,22/01/2026,Prosecco Italiano,Espumante,200,6,Loja Fisica,Norte,Recorrente,10,4,3,Cartao de Debito,Nao,28.69,Sim
406,23/04/2025,Vinho Branco Chardonnay,Branco,158,6,Site,Sul,Recorrente,0,4,2,Cartao de Credito,Nao,9.7,Sim
407,21/07/2025,Vinho Tinto Reserva,Tinto,210,3,WhatsApp,Nordeste,Novo,0,5,6,Cartao de Debito,Nao,38.69,Sim
408,08/01/2026,Vinho Tinto Reserva,Tinto,259,1,WhatsApp,Sudeste,Novo,5,3,11,Cartao de Debito,Sim,19.88,Nao
409,21/03/2026,Sauvignon Blanc,Branco,139,5,WhatsApp,Sudeste,Recorrente,0,4,1,Cartao de Credito,Nao,17.77,Sim
410,22/01/2025,Sauvignon Blanc,Branco,162,6,Site,Centro-Oeste,Recorrente,15,2,2,Cartao de Credito,Nao,38.33,Sim
411,02/04/2025,Espumante Brut,Espumante,59,1,WhatsApp,Sul,Novo,15,4,2,Pix,Sim,22.49,Sim
412,23/02/2026,Vinho Rose Premium,Rose,213,3,WhatsApp,Centro-Oeste,Novo,10,4,3,Pix,Nao,36.42,Sim
413,29/05/2025,Vinho Tinto Reserva,Tinto,242,1,Site,Norte,Novo,0,3,4,Cartao de Debito,Sim,44.06,Nao
414,19/12/2025,Cabernet Sauvignon,Tinto,104,1,Loja Fisica,Nordeste,Recorrente,20,5,6,Cartao de Credito,Nao,40.81,Sim
415,05/04/2026,Merlot Selecionado,Tinto,162,3,Site,Sudeste,Novo,25,2,2,Cartao de Credito,Sim,22.85,Nao
416,25/06/2025,Cabernet Sauvignon,Tinto,96,1,Loja Fisica,Sul,Novo,15,2,4,Cartao de Debito,Nao,30.84,Sim
417,23/01/2026,Cabernet Sauvignon,Tinto,182,1,Loja Fisica,Sul,Novo,0,4,7,Cartao de Credito,Nao,37.54,Sim
418,07/04/2026,Vinho Tinto Reserva,Tinto,241,1,Loja Fisica,Sudeste,Novo,15,5,7,Cartao de Debito,Sim,14.75,Sim
419,24/10/2025,Vinho Tinto Reserva,Tinto,291,7,WhatsApp,Sudeste,Novo,10,5,3,Pix,Sim,32.35,Sim
420,11/12/2025,Vinho Rose Premium,Rose,172,4,Loja Fisica,Nordeste,Recorrente,25,5,4,Pix,Sim,40.91,Sim
421,05/01/2026,Merlot Selecionado,Tinto,199,3,Site,Nordeste,Novo,10,4,4,Cartao de Credito,Sim,41.01,Sim
422,15/02/2026,Cabernet Sauvignon,Tinto,138,4,Marketplace,Nordeste,Novo,10,5,4,Boleto,Nao,47.86,Nao
423,02/04/2026,Vinho Branco Chardonnay,Branco,196,4,Site,Sudeste,Recorrente,0,3,6,Cartao de Debito,Nao,24.96,Sim
424,26/11/2025,Vinho Rose Premium,Rose,122,8,Loja Fisica,Nordeste,Recorrente,5,4,5,Cartao de Credito,Nao,51.13,Sim
425,13/09/2025,Sauvignon Blanc,Branco,174,1,Site,Sul,Recorrente,5,5,1,Pix,Nao,21.25,Nao
426,16/09/2025,Sauvignon Blanc,Branco,102,2,Marketplace,Nordeste,Recorrente,10,4,4,Cartao de Credito,Nao,37.65,Sim
427,05/06/2025,Vinho Tinto Reserva,Tinto,238,2,WhatsApp,Sudeste,Novo,5,4,1,Pix,Nao,23.4,Sim
428,20/07/2025,Sauvignon Blanc,Branco,169,3,Loja Fisica,Centro-Oeste,Recorrente,15,4,4,Boleto,Nao,43.49,Sim
429,24/06/2025,Sauvignon Blanc,Branco,103,8,Site,Sul,Novo,20,3,6,Cartao de Credito,Nao,17.0,Sim
430,20/01/2025,Merlot Selecionado,Tinto,148,1,Loja Fisica,Sudeste,Novo,15,5,2,Cartao de Credito,Nao,25.43,Nao
431,15/09/2025,Sauvignon Blanc,Branco,123,3,WhatsApp,Sudeste,Novo,10,5,2,Pix,Sim,36.28,Sim
432,25/07/2025,Vinho Branco Chardonnay,Branco,112,2,Site,Nordeste,Recorrente,20,4,3,Cartao de Credito,Nao,36.98,Sim
433,03/06/2025,Cabernet Sauvignon,Tinto,159,3,Loja Fisica,Centro-Oeste,Recorrente,10,3,1,Boleto,Nao,23.7,Sim
434,26/02/2026,Vinho Rose Premium,Rose,124,3,Marketplace,Centro-Oeste,Recorrente,15,4,2,Pix,Nao,37.12,Sim
435,12/04/2026,Sauvignon Blanc,Branco,185,1,Loja Fisica,Sudeste,Novo,15,5,8,Cartao de Credito,Nao,18.86,Sim
436,12/08/2025,Sauvignon Blanc,Branco,126,1,Marketplace,Sudeste,Novo,0,1,7,Cartao de Credito,Nao,30.54,Nao
437,12/02/2025,Vinho Rose Premium,Rose,160,2,WhatsApp,Centro-Oeste,Novo,20,5,4,Cartao de Credito,Nao,37.65,Sim
438,25/09/2025,Cabernet Sauvignon,Tinto,201,2,Marketplace,Sul,Recorrente,15,2,2,Pix,Nao,17.22,Sim
439,24/02/2025,Espumante Brut,Espumante,102,3,WhatsApp,Sudeste,Recorrente,15,5,6,Cartao de Debito,Sim,24.08,Nao
440,16/03/2025,Prosecco Italiano,Espumante,125,1,Site,Nordeste,Novo,10,4,3,Cartao de Credito,Nao,50.68,Nao
441,25/12/2025,Espumante Brut,Espumante,217,3,WhatsApp,Centro-Oeste,Recorrente,15,5,2,Pix,Sim,36.76,Sim
442,17/03/2026,Cabernet Sauvignon,Tinto,142,2,Loja Fisica,Norte,Recorrente,25,3,10,Boleto,Sim,46.72,Nao
443,25/03/2026,Merlot Selecionado,Tinto,206,2,Loja Fisica,Norte,Recorrente,25,4,4,Boleto,Nao,38.62,Sim
444,10/02/2026,Vinho Branco Chardonnay,Branco,125,2,Marketplace,Nordeste,Recorrente,10,1,1,Pix,Nao,32.99,Sim
445,13/06/2025,Vinho Rose Premium,Rose,126,1,Loja Fisica,Sudeste,Recorrente,20,5,8,Pix,Nao,18.99,Nao
446,01/05/2026,Vinho Branco Chardonnay,Branco,135,5,WhatsApp,Sul,Novo,0,5,10,Cartao de Debito,Sim,34.17,Nao
447,02/03/2025,Vinho Rose Premium,Rose,235,1,Marketplace,Sul,Novo,10,3,1,Cartao de Credito,Nao,10.05,Nao
448,21/04/2025,Prosecco Italiano,Espumante,210,1,Loja Fisica,Norte,Recorrente,5,5,3,Pix,Sim,39.74,Sim
449,10/03/2025,Vinho Rose Premium,Rose,115,1,Site,Sudeste,Recorrente,25,3,6,Pix,Sim,28.02,Nao
450,26/04/2026,Sauvignon Blanc,Branco,106,4,Marketplace,Sudeste,Novo,0,3,2,Cartao de Debito,Nao,12.34,Nao
451,23/06/2025,Vinho Tinto Reserva,Tinto,274,2,WhatsApp,Centro-Oeste,Novo,25,1,2,Cartao de Credito,Nao,34.32,Sim
452,15/05/2025,Merlot Selecionado,Tinto,149,2,Site,Norte,Recorrente,30,3,3,Pix,Nao,39.74,Nao
453,28/01/2025,Espumante Brut,Espumante,79,1,Marketplace,Sudeste,Recorrente,10,5,5,Pix,Sim,23.09,Sim
454,17/03/2025,Espumante Brut,Espumante,141,1,WhatsApp,Sudeste,Novo,30,4,4,Cartao de Credito,Nao,31.68,Sim
455,09/02/2025,Espumante Brut,Espumante,129,3,Loja Fisica,Norte,Recorrente,10,5,4,Pix,Sim,52.4,Sim
456,04/12/2025,Cabernet Sauvignon,Tinto,176,4,Marketplace,Sudeste,Recorrente,25,5,2,Cartao de Credito,Nao,22.81,Sim
457,25/01/2025,Espumante Brut,Espumante,116,7,Marketplace,Norte,Novo,15,5,11,Pix,Sim,47.52,Sim
458,26/07/2025,Vinho Tinto Reserva,Tinto,227,3,Loja Fisica,Sudeste,Novo,20,3,1,Cartao de Credito,Sim,13.94,Nao
459,30/03/2026,Vinho Branco Chardonnay,Branco,171,2,WhatsApp,Sudeste,Recorrente,0,4,8,Pix,Nao,30.39,Sim
460,22/04/2026,Sauvignon Blanc,Branco,163,2,Loja Fisica,Centro-Oeste,Novo,10,5,6,Pix,Nao,38.5,Sim
461,09/02/2025,Cabernet Sauvignon,Tinto,159,6,Site,Sul,Novo,25,5,4,Cartao de Credito,Sim,30.3,Sim
462,08/03/2026,Sauvignon Blanc,Branco,93,4,WhatsApp,Sudeste,Recorrente,15,1,6,Pix,Nao,28.65,Sim
463,13/05/2025,Espumante Brut,Espumante,95,4,Site,Nordeste,Novo,25,5,2,Cartao de Credito,Nao,53.82,Sim
464,04/07/2025,Vinho Tinto Reserva,Tinto,248,1,Site,Nordeste,Recorrente,30,4,4,Pix,Nao,42.15,Nao
465,08/03/2026,Sauvignon Blanc,Branco,134,1,Loja Fisica,Nordeste,Recorrente,0,1,4,Cartao de Credito,Sim,38.77,Nao
466,05/05/2025,Vinho Rose Premium,Rose,205,1,Site,Sul,Recorrente,15,4,4,Cartao de Credito,Sim,29.06,Sim
467,06/09/2025,Sauvignon Blanc,Branco,134,3,Marketplace,Norte,Recorrente,15,4,5,Cartao de Credito,Nao,48.32,Sim
468,18/08/2025,Prosecco Italiano,Espumante,191,1,Site,Centro-Oeste,Novo,15,5,2,Pix,Nao,36.81,Sim
469,06/01/2026,Espumante Brut,Espumante,113,2,Site,Centro-Oeste,Recorrente,25,5,6,Pix,Nao,25.1,Nao
470,01/08/2025,Merlot Selecionado,Tinto,178,5,Marketplace,Sudeste,Recorrente,15,2,2,Pix,Sim,10.25,Sim
471,13/11/2025,Vinho Rose Premium,Rose,152,1,WhatsApp,Sudeste,Novo,20,5,1,Cartao de Credito,Sim,26.4,Sim
472,20/04/2026,Prosecco Italiano,Espumante,187,2,Loja Fisica,Norte,Novo,0,4,4,Pix,Nao,55.29,Nao
473,08/01/2026,Cabernet Sauvignon,Tinto,234,3,WhatsApp,Sul,Recorrente,10,3,2,Cartao de Credito,Sim,19.79,Sim
474,24/06/2025,Prosecco Italiano,Espumante,187,4,Site,Sul,Recorrente,10,4,7,Cartao de Credito,Nao,18.36,Sim
475,23/08/2025,Espumante Brut,Espumante,75,2,Marketplace,Sul,Recorrente,10,3,7,Cartao de Credito,Sim,31.64,Sim
476,19/01/2025,Merlot Selecionado,Tinto,198,5,Marketplace,Sudeste,Novo,5,4,7,Pix,Sim,21.01,Sim
477,26/06/2025,Vinho Tinto Reserva,Tinto,334,5,WhatsApp,Norte,Novo,20,4,8,Pix,Sim,44.88,Sim
478,04/06/2025,Vinho Branco Chardonnay,Branco,126,1,Site,Nordeste,Recorrente,15,5,7,Cartao de Credito,Sim,33.72,Sim
479,12/02/2026,Sauvignon Blanc,Branco,119,1,WhatsApp,Sudeste,Novo,10,4,7,Cartao de Credito,Sim,11.03,Sim
480,13/01/2026,Espumante Brut,Espumante,103,1,Loja Fisica,Sudeste,Recorrente,5,1,5,Cartao de Credito,Sim,8.0,Sim
481,11/12/2025,Vinho Rose Premium,Rose,188,3,WhatsApp,Centro-Oeste,Recorrente,10,3,3,Boleto,Nao,11.41,Sim
482,20/04/2025,Vinho Rose Premium,Rose,185,1,WhatsApp,Sudeste,Novo,10,4,1,Pix,Sim,29.92,Sim
483,15/03/2025,Sauvignon Blanc,Branco,90,2,Loja Fisica,Sudeste,Novo,10,5,4,Cartao de Debito,Nao,18.9,Sim
484,29/07/2025,Prosecco Italiano,Espumante,230,6,Loja Fisica,Sudeste,Recorrente,15,5,3,Cartao de Debito,Nao,33.07,Sim
485,01/04/2026,Espumante Brut,Espumante,140,2,WhatsApp,Sudeste,Recorrente,20,2,5,Cartao de Credito,Nao,25.16,Sim
486,09/03/2025,Prosecco Italiano,Espumante,237,1,Loja Fisica,Sudeste,Novo,10,3,3,Boleto,Nao,24.13,Sim
487,10/12/2025,Prosecco Italiano,Espumante,193,1,Marketplace,Sul,Recorrente,15,3,9,Cartao de Credito,Sim,10.16,Sim
488,28/01/2025,Cabernet Sauvignon,Tinto,209,3,WhatsApp,Nordeste,Recorrente,0,4,2,Pix,Nao,32.64,Sim
489,01/10/2025,Prosecco Italiano,Espumante,182,4,Site,Norte,Novo,0,5,8,Pix,Sim,47.97,Sim
490,04/04/2025,Vinho Tinto Reserva,Tinto,141,2,Loja Fisica,Sul,Recorrente,5,2,11,Pix,Sim,23.0,Sim
491,28/04/2026,Espumante Brut,Espumante,174,1,WhatsApp,Sul,Recorrente,5,2,2,Cartao de Debito,Sim,18.43,Sim
492,21/11/2025,Vinho Rose Premium,Rose,152,1,Site,Sudeste,Recorrente,5,3,5,Cartao de Credito,Sim,34.76,Nao
493,14/03/2025,Espumante Brut,Espumante,71,1,WhatsApp,Centro-Oeste,Novo,10,4,8,Pix,Nao,30.46,Nao
494,04/09/2025,Vinho Rose Premium,Rose,110,6,Site,Sul,Recorrente,20,3,11,Cartao de Credito,Nao,20.04,Sim
495,07/01/2026,Sauvignon Blanc,Branco,202,1,WhatsApp,Sudeste,Novo,10,2,1,Pix,Nao,23.93,Sim
496,18/04/2025,Sauvignon Blanc,Branco,140,5,WhatsApp,Norte,Recorrente,30,4,3,Pix,Sim,57.2,Sim
497,11/02/2025,Vinho Tinto Reserva,Tinto,246,6,Marketplace,Sul,Novo,0,4,6,Pix,Sim,19.8,Sim
498,05/01/2025,Cabernet Sauvignon,Tinto,91,5,Site,Sul,Recorrente,5,4,3,Boleto,Nao,17.94,Sim
499,10/09/2025,Vinho Rose Premium,Rose,124,1,Site,Norte,Novo,0,4,3,Pix,Sim,49.93,Sim
500,17/10/2025,Prosecco Italiano,Espumante,238,1,Loja Fisica,Nordeste,Novo,20,4,4,Pix,Nao,34.92,Sim
